INSERT INTO persons (id, birthday, first_name, last_name) VALUES (302, '1560802265181', 'Felix', 'Klauke');
INSERT INTO persons (id, birthday, first_name, last_name) VALUES (303, '1560802265211', 'Lena', 'Weiß');
INSERT INTO persons (id, birthday, first_name, last_name) VALUES (304, '1560802265219', 'Niklas', 'Wirths');
INSERT INTO persons (id, birthday, first_name, last_name) VALUES (305, '1560802265226', 'Leonie', 'Arm');
INSERT INTO persons (id, birthday, first_name, last_name) VALUES (306, '1560802265233', 'Lukas', 'Kluk');
INSERT INTO airports (id, name) VALUES (102, 'Berlin');
INSERT INTO airports (id, name) VALUES (103, 'FFM');
INSERT INTO airports (id, name) VALUES (104, 'London');
INSERT INTO airports (id, name) VALUES (105, 'Munich');
INSERT INTO airlines (id, name) VALUES (1, 'Lufthansa');
INSERT INTO airlines (id, name) VALUES (2, 'Condor');
INSERT INTO planes (id, name, airline_id) VALUES (52, 'Enterprises', 1);
INSERT INTO planes (id, name, airline_id) VALUES (53, 'Excelsior', 1);
INSERT INTO planes (id, name, airline_id) VALUES (54, 'Locutus', 2);
INSERT INTO planes (id, name, airline_id) VALUES (55, 'Gorch Fock', 2);
INSERT INTO terminals (id, name, airport_id) VALUES (202, 'Berlin 1', 102);
INSERT INTO terminals (id, name, airport_id) VALUES (203, 'VIPs', 102);
INSERT INTO terminals (id, name, airport_id) VALUES (204, 'International', 103);
INSERT INTO terminals (id, name, airport_id) VALUES (205, 'VIPs', 104);
INSERT INTO terminals (id, name, airport_id) VALUES (206, 'Royals', 104);
INSERT INTO terminals (id, name, airport_id) VALUES (207, 'Casual', 104);
INSERT INTO terminals (id, name, airport_id) VALUES (208, 'Weißwurscht', 105);
INSERT INTO flights (id, title, destination_id, plane_id, source_id) VALUES (252, 'Flug 312', 205, 54, 202);
INSERT INTO flights (id, title, destination_id, plane_id, source_id) VALUES (253, 'Flug sweet', 208, 55, 204);
INSERT INTO flights (id, title, destination_id, plane_id, source_id) VALUES (254, 'Flug Kamikaze', 203, 53, 207);
INSERT INTO flights (id, title, destination_id, plane_id, source_id) VALUES (255, 'Flug', 208, 52, 206);
INSERT INTO employees (id, firstName, lastName, airport_id) VALUES (152, 'Uschi', 'Vondue', 102);
INSERT INTO employees (id, firstName, lastName, airport_id) VALUES (153, 'Detlef', 'King', 103);
INSERT INTO employees (id, firstName, lastName, airport_id) VALUES (154, 'Adolfus', 'Chruchill', 104);
INSERT INTO employees (id, firstName, lastName, airport_id) VALUES (155, 'Alexander', 'Der Große', 105);
INSERT INTO bookings (id, flight_id, person_id) VALUES (352, 252, 302);
INSERT INTO bookings (id, flight_id, person_id) VALUES (353, 253, 303);
INSERT INTO bookings (id, flight_id, person_id) VALUES (354, 253, 304);
INSERT INTO bookings (id, flight_id, person_id) VALUES (355, 254, 305);
INSERT INTO bookings (id, flight_id, person_id) VALUES (356, 255, 306);
